{"cameraMode":{"drawMode":0,"name":"Shaded","section":"Shading Mode"},"sceneLighting":true,"audioPlay":false,"sceneViewState":{"m_AlwaysRefresh":false,"showFog":true,"showSkybox":true,"showFlares":true,"showImageEffects":true,"showParticleSystems":true,"showVisualEffectGraphs":true,"m_FxEnabled":true},"in2DMode":false,"pivot":{"x":1.3131389617919922,"y":-0.9002723693847656,"z":0.7364263534545898},"rotation":{"x":-0.07222531735897064,"y":0.9059323668479919,"z":-0.1721716970205307,"w":-0.38003402948379519},"size":5.774848461151123,"orthographic":false}