{"cameraMode":{"drawMode":0,"name":"Shaded","section":"Shading Mode"},"sceneLighting":true,"audioPlay":false,"sceneViewState":{"m_AlwaysRefresh":false,"showFog":true,"showSkybox":true,"showFlares":true,"showImageEffects":true,"showParticleSystems":true,"showVisualEffectGraphs":true,"m_FxEnabled":true},"in2DMode":false,"pivot":{"x":-10.030776977539063,"y":0.1737610101699829,"z":-7.553618431091309},"rotation":{"x":-0.2969109117984772,"y":0.22825360298156739,"z":-0.07332062721252442,"w":-0.9243234395980835},"size":1.6487493515014649,"orthographic":false}