{"cameraMode":{"drawMode":0,"name":"Shaded","section":"Shading Mode"},"sceneLighting":true,"audioPlay":false,"sceneViewState":{"showFog":true,"showMaterialUpdate":false,"showSkybox":true,"showFlares":true,"showImageEffects":true,"showParticleSystems":true},"in2DMode":false,"pivot":{"x":-6.085928916931152,"y":3.8010177612304689,"z":-1.0640777349472047},"rotation":{"x":-0.442403644323349,"y":-0.5489791631698608,"z":0.4316427707672119,"w":-0.5626656413078308},"size":6.332756042480469,"orthographic":false}