{"cameraMode":{"drawMode":0,"name":"Shaded","section":"Shading Mode"},"sceneLighting":true,"audioPlay":false,"sceneViewState":{"showFog":true,"showMaterialUpdate":false,"showSkybox":true,"showFlares":true,"showImageEffects":true,"showParticleSystems":true},"in2DMode":false,"pivot":{"x":3.754507064819336,"y":-0.30635929107666018,"z":1.7042956352233887},"rotation":{"x":0.14532548189163209,"y":0.8445386290550232,"z":-0.428465873003006,"w":0.28644755482673647},"size":5.328509330749512,"orthographic":false}