{"cameraMode":{"drawMode":0,"name":"Shaded","section":"Shading Mode"},"sceneLighting":true,"audioPlay":false,"sceneViewState":{"showFog":true,"showMaterialUpdate":false,"showSkybox":true,"showFlares":true,"showImageEffects":true,"showParticleSystems":true},"in2DMode":false,"pivot":{"x":0.6064910888671875,"y":9.66583251953125,"z":-2.1718201637268068},"rotation":{"x":-0.3093187212944031,"y":0.6378877758979797,"z":-0.31192752718925478,"w":-0.6325527429580689},"size":36.01601791381836,"orthographic":false}