{"cameraMode":{"drawMode":0,"name":"Shaded","section":"Shading Mode"},"sceneLighting":true,"audioPlay":false,"sceneViewState":{"showFog":true,"showMaterialUpdate":false,"showSkybox":true,"showFlares":true,"showImageEffects":true,"showParticleSystems":true},"in2DMode":false,"pivot":{"x":-1.8636996746063233,"y":0.1352229118347168,"z":2.0570778846740724},"rotation":{"x":-0.3093187212944031,"y":0.6378877758979797,"z":-0.31192752718925478,"w":-0.6325527429580689},"size":15.876440048217774,"orthographic":false}