{"cameraMode":{"drawMode":0,"name":"Shaded","section":"Shading Mode"},"sceneLighting":true,"audioPlay":false,"sceneViewState":{"showFog":true,"showMaterialUpdate":false,"showSkybox":true,"showFlares":true,"showImageEffects":true,"showParticleSystems":true},"in2DMode":false,"pivot":{"x":-709.812255859375,"y":-701.0333251953125,"z":465.3075256347656},"rotation":{"x":-0.29900428652763369,"y":0.44724369049072268,"z":-0.1616416871547699,"w":-0.8273105025291443},"size":573.9614868164063,"orthographic":false}