{"cameraMode":{"drawMode":0,"name":"Shaded","section":"Shading Mode"},"sceneLighting":true,"audioPlay":false,"sceneViewState":{"showFog":true,"showMaterialUpdate":false,"showSkybox":true,"showFlares":true,"showImageEffects":true,"showParticleSystems":true},"in2DMode":false,"pivot":{"x":296.31817626953127,"y":-39.403099060058597,"z":-336.0605163574219},"rotation":{"x":0.09969679266214371,"y":0.7624174356460571,"z":-0.12109838426113129,"w":0.627876341342926},"size":166.58303833007813,"orthographic":false}